{
    "mean_loss": 0.6685670018196106,
    "mean_accuracy": 0.6685670018196106,
    "mean_auprc": 0.6685670018196106,
    "mean_auroc": 0.6685670018196106,
    "std_loss": 0.04874294623732567,
    "std_accuracy": 0.04874294623732567,
    "std_auprc": 0.04874294623732567,
    "std_auroc": 0.04874294623732567
}