{
    "mean_loss": 0.4816116392612457,
    "mean_accuracy": 0.4816116392612457,
    "mean_auprc": 0.4816116392612457,
    "mean_auroc": 0.4816116392612457,
    "std_loss": 0.029825927689671516,
    "std_accuracy": 0.029825927689671516,
    "std_auprc": 0.029825927689671516,
    "std_auroc": 0.029825927689671516
}