{
    "mean_loss": 0.5578308701515198,
    "mean_accuracy": 0.5578308701515198,
    "mean_auprc": 0.5578308701515198,
    "mean_auroc": 0.5578308701515198,
    "std_loss": 0.085630401968956,
    "std_accuracy": 0.085630401968956,
    "std_auprc": 0.085630401968956,
    "std_auroc": 0.085630401968956
}