{
    "mean_loss": 0.49782857298851013,
    "mean_accuracy": 0.49782857298851013,
    "mean_auprc": 0.49782857298851013,
    "mean_auroc": 0.49782857298851013,
    "std_loss": 0.026675069704651833,
    "std_accuracy": 0.026675069704651833,
    "std_auprc": 0.026675069704651833,
    "std_auroc": 0.026675069704651833
}